<?xml version="1.0" encoding="UTF-8" ?>

<!DOCTYPE beans [
        <!ELEMENT beans (bean*)>
        <!ELEMENT bean (property*)>
        <!ELEMENT property (#PCDATA)>

        <!ATTLIST bean id ID #REQUIRED>
        <!ATTLIST bean class CDATA #IMPLIED>
        <!ATTLIST property name CDATA #IMPLIED>
        <!ATTLIST property ref IDREF #IMPLIED>
        ]>

<beans>





    <!-- DAO  -->
    <bean id="userDAO" class="com.ajin.book.dao.impl.UserDAOImpl"/>



    <!-- service   -->
    <bean id="userService" class="com.ajin.book.service.impl.UserServiceImpl">
        <property name="userDAO" ref="userDAO"/>
    </bean>


    <!-- controller   -->
    <bean id="user" class="com.ajin.book.controller.UserController">
        <property name="userService" ref="userService"/>
    </bean>


    <bean id="page" class="com.atguigu.myssm.myspringmvc.PageController"/>

</beans>


