<?xml version="1.0" encoding="UTF-8"?>
        <!DOCTYPE generatorConfiguration
                PUBLIC "-//mybatis.org//DTD MyBatis Generator Configuration 1.0//EN"
                "http://mybatis.org/dtd/mybatis-generator-config_1_0.dtd">
<generatorConfiguration>
    <!--
    targetRuntime: 执行生成的逆向工程的版本
    MyBatis3Simple: 生成基本的CRUD（清新简洁版）
    MyBatis3: 生成带条件的CRUD（奢华尊享版）
    -->
    <context id="DB2Tables" targetRuntime="MyBatis3">
        <!-- 数据库的连接信息 -->
        <jdbcConnection driverClass="com.mysql.cj.jdbc.Driver"
                        connectionURL="jdbc:mysql://localhost:3306/xiaobai?serverTimezone=UTC"
                        userId="root"
                        password="123456">
            <property name="nullCatalogMeansCurrent" value="true"/>
        </jdbcConnection>
        <!-- javaBean的生成策略-->
        <javaModelGenerator targetPackage="com.ajin.pojo"
                            targetProject=".\src\main\java">
            <property name="enableSubPackages" value="true" />
            <property name="trimStrings" value="true" />
        </javaModelGenerator>
        <!-- SQL映射文件的生成策略 -->
        <sqlMapGenerator targetPackage="com.ajin.mapper"
                         targetProject=".\src\main\resources">
            <property name="enableSubPackages" value="true" />
        </sqlMapGenerator>
        <!-- Mapper接口的生成策略 -->
        <javaClientGenerator type="XMLMAPPER"
                             targetPackage="com.ajin.mapper" targetProject=".\src\main\java">
            <property name="enableSubPackages" value="true" />
        </javaClientGenerator>
        <!-- 逆向分析的表 -->
        <!-- tableName设置为*号，可以对应所有表，此时不写domainObjectName -->
        <!-- domainObjectName属性指定生成出来的实体类的类名 -->
        <table tableName="user" domainObjectName="User"/>
        <table tableName="node" domainObjectName="Node"/>
    </context>
</generatorConfiguration>