<?xml version="1.0" encoding="UTF-8" ?>

<!DOCTYPE beans [
        <!ELEMENT beans (bean*)>
        <!ELEMENT bean (property*)>
        <!ELEMENT property (#PCDATA)>

        <!ATTLIST bean id ID #REQUIRED>
        <!ATTLIST bean class CDATA #IMPLIED>
        <!ATTLIST property name CDATA #IMPLIED>
        <!ATTLIST property ref IDREF #IMPLIED>
        ]>

<beans>
    <bean id="userBasicDAO" class="com.atguigu.qqzone.dao.impl.UserBasicDAOImpl"/>
    <bean id="topicDAO" class="com.atguigu.qqzone.dao.impl.TopicDAOImpl"/>
    <bean id="replyDAO" class="com.atguigu.qqzone.dao.impl.ReplyDAOImpl"/>
    <bean id="hostReplyDAO" class="com.atguigu.qqzone.dao.impl.HostReplyDAOImpl"/>

    <bean id="userBasicService" class="com.atguigu.qqzone.service.impl.UserBasicServiceImpl">
            <property name="userBasicDAO" ref="userBasicDAO"/>
    </bean>
    <bean id="topicService" class="com.atguigu.qqzone.service.impl.TopicServiceImpl">
        <property name="topicDAO" ref="topicDAO"/>
        <property name="replyService" ref="replyService"/>
        <property name="userBasicService" ref="userBasicService"/>
    </bean>
    <bean id="replyService" class="com.atguigu.qqzone.service.impl.ReplyServiceImpl">
        <property name="replyDAO" ref="replyDAO"/>
        <property name="hostReplyService" ref="hostReplyService"/>
        <property name="userBasicService" ref="userBasicService"/>
    </bean>
    <bean id="hostReplyService" class="com.atguigu.qqzone.service.impl.HostReplyServiceImpl">
        <property name="hostReplyDAO" ref="hostReplyDAO"/>
    </bean>


    <bean id="user" class="com.atguigu.qqzone.controller.UserController">
        <property name="userBasicService" ref="userBasicService"/>
        <property name="topicService" ref="topicService"/>
    </bean>
    <bean id="topic" class="com.atguigu.qqzone.controller.TopicController">
        <property name="topicService"    ref="topicService"/>
    </bean>


    <bean id="page" class="com.atguigu.myssm.myspringmvc.PageController"/>
    <bean id="reply" class="com.atguigu.qqzone.controller.ReplyController">
        <property name="replyService" ref="replyService"/>
    </bean>
</beans>


