<?xml version="1.0" encoding="UTF-8" ?>

<beans>

    <bean id="fruitDAO" class="com.atguigu.fruit.dao.impl.FruitDAOImpl"/>
    <bean id="fruitService" class="com.atguigu.fruit.service.impl.FruitServiceImpl">
        <!--property标签用来表示属性：name表示属性名：ref表示引用其它bean的id值-->
        <property name="fruitDAO" ref="fruitDAO" />
    </bean>

   <bean id="fruit" class="com.atguigu.fruit.controllers.FruitController">
        <property name="fruitService" ref="fruitService"/>
   </bean>
</beans>
<!--
Node 节点
Element 元素节点
Text 文本节点
<sname>jim</sname>
-->






<!--
1.概念
HTML:超文本标记语言
XML :可扩展的标记语言
HTML是XML的一个子集

2.XML包含三个部分：
1) XML声明 ， 而且声明这一行代码必须在XML文件的第一行
2) DTD 文档类型定义
3) XML正文
-->

