<?xml version="1.0" encoding="UTF-8" ?>

<!DOCTYPE beans [
        <!ELEMENT beans (bean*)>
        <!ELEMENT bean (property*)>
        <!ELEMENT property (#PCDATA)>

        <!ATTLIST bean id ID #REQUIRED>
        <!ATTLIST bean class CDATA #IMPLIED>
        <!ATTLIST property name CDATA #IMPLIED>
        <!ATTLIST property ref IDREF #IMPLIED>
        ]>

<beans>
    <bean id="userBasicDAO" class="com.atguigu.qqzone.dao.impl.UserBasicDAOImpl"/>
    <bean id="topicDAO" class="com.atguigu.qqzone.dao.impl.TopicDAOImpl"/>

    <bean id="userBasicService" class="com.atguigu.qqzone.service.impl.UserBasicServiceImpl">
            <property name="userBasicDAO" ref="userBasicDAO"/>
    </bean>
    <bean id="topicService" class="com.atguigu.qqzone.service.impl.TopicServiceImpl">
        <property name="topicDAO" ref="topicDAO"/>
    </bean>
    <bean id="user" class="com.atguigu.qqzone.controller.UserController">
        <property name="userBasicService" ref="userBasicService"/>
        <property name="topicService" ref="topicService"/>
    </bean>
    <bean id="page" class="com.atguigu.myssm.myspringmvc.PageController"/>
</beans>


